{
  "obstacles": [
    [
      [
        0,
        0
      ],
      [
        0,
        20
      ],
      [
        -1,
        20
      ],
      [
        -1,
        0
      ]
    ],
    [
      [
        -1,
        20
      ],
      [
        -1,
        21
      ],
      [
        21,
        21
      ],
      [
        21,
        20
      ]
    ],
    [
      [
        20,
        20
      ],
      [
        21,
        20
      ],
      [
        21,
        0
      ],
      [
        20,
        0
      ]
    ],
    [
      [
        21,
        0
      ],
      [
        21,
        -1
      ],
      [
        -1,
        -1
      ],
      [
        -1,
        0
      ]
    ]
  ],
  "start": [
    9.467741935483872,
    11.035714285714288
  ],
  "goal": [
    16.076612903225808,
    10.797619047619051
  ],
  "bounds": [
    0,
    20
  ]
}