{
    "start": [-15,14.5],
    "goal": [10,-20],
    "obstacles": [
        [[-11.048387096774196, 7.077922077922082], [-10.322580645161292, -6.017316017316016], [-2.0161290322580676, 1.0173160173160198]], 
        [[-10.000000000000004, 11.623376623376629], [1.774193548387096, 3.1818181818181834], [-2.096774193548388, 13.679653679653683]], 
        [[0.32258064516128826, 0.25974025974026205], [-7.096774193548388, -6.558441558441558], [9.112903225806448, -5.2597402597402585]], 
        [[4.838709677419352, 1.2337662337662358], [0.6451612903225801, 13.030303030303031], [8.387096774193544, 13.679653679653683], [7.661290322580641, -1.6883116883116855]], 
        [[11.774193548387096, 1.2337662337662358], [9.919354838709673, -10.12987012987013], [14.354838709677416, -11.86147186147186], [16.048387096774192, 1.6666666666666679]], [[9.193548387096769, -1.4718614718614695], [9.274193548387096, 12.056277056277061], [16.129032258064512, 11.623376623376629], [15.725806451612904, 3.3982683982683994], [11.209677419354833, 3.506493506493509]], [[-6.290322580645164, -10.021645021645021], [7.9032258064516085, -9.58874458874459], [7.9032258064516085, -16.40692640692641], [-5.403225806451616, -16.19047619047619]], [[-16.774193548387096, -13.484848484848484], [-15.080645161290324, -9.58874458874459], [-10.403225806451616, -9.805194805194803], [-8.306451612903228, -11.969696969696969], [-7.258064516129036, -15.541125541125542], [-9.516129032258068, -19.112554112554115], [-14.193548387096776, -18.78787878787879], [-15.88709677419355, -16.623376623376622]], [[-18.467741935483872, 4.805194805194809], [-18.38709677419355, -6.88311688311688], [-12.822580645161292, -7.532467532467532], [-12.580645161290324, -1.9047619047619015], [-15.403225806451614, 1.8831168831168839]], [[-16.854838709677423, 6.428571428571431], [-12.09677419354839, 0.5844155844155878], [-13.306451612903228, 13.787878787878789]], [[-18.225806451612904, 16.926406926406933], [-17.903225806451616, 10.0], [-14.354838709677422, 17.142857142857146]], [[-11.451612903225808, 17.359307359307365], [-1.4516129032258078, 17.142857142857146], [-10.88709677419355, 13.679653679653683]], [[2.3387096774193523, 17.792207792207797], [16.854838709677416, 18.766233766233768], [16.774193548387096, 14.329004329004334], [10.08064516129032, 13.679653679653683], [10.0, 15.84415584415585], [2.9838709677419324, 15.411255411255418], [0.24193548387096442, 15.84415584415585]], [[10.564516129032256, -14.675324675324674], [10.564516129032256, -18.57142857142857], [17.983870967741936, -18.78787878787879], [17.983870967741936, -5.151515151515149], [15.725806451612904, -14.134199134199134], [13.145161290322577, -13.593073593073592]]]}
